"" ,"frames_scrubbed" ,"frames_OK" ,"FD" ,"FD_scrubbed"
"sp0007_sess1_rest1" ,60.000000000000000 ,40.000000000000000 ,69.754071977403427 ,71.673589038848874
"sp0008_sess1_rest1" ,60.000000000000000 ,40.000000000000000 ,45.150292059387823 ,46.655789089202884
"sp0009_sess1_rest1" ,60.000000000000000 ,40.000000000000000 ,17.379850040782582 ,16.068126487731934
"sp0010_sess1_rest1" ,60.000000000000000 ,40.000000000000000 ,18.031387858920628 ,18.157402992248535
"sp0011_sess1_rest1" ,60.000000000000000 ,40.000000000000000 ,23.948913901743264 ,24.349175977706910
"sp0013_sess1_rest1" ,60.000000000000000 ,40.000000000000000 ,26.164289647882637 ,26.765451240539551
"sp0014_sess1_rest1" ,60.000000000000000 ,40.000000000000000 ,39.906756121702870 ,41.376960325241086
"sp0015_sess1_rest1" ,60.000000000000000 ,40.000000000000000 ,21.193126350942283 ,20.239492797851561
"sp0016_sess1_rest1" ,60.000000000000000 ,40.000000000000000 ,7.574280392039906 ,7.640572583675384
"sp0018_sess1_rest1" ,60.000000000000000 ,40.000000000000000 ,6.496483219994439 ,6.113328051567078
"sp0019_sess1_rest1" ,60.000000000000000 ,40.000000000000000 ,36.099057322800761 ,35.463398504257199
"sp0022_sess1_rest1" ,60.000000000000000 ,40.000000000000000 ,11.271317491627704 ,11.501471567153931
"sp0028_sess1_rest1" ,60.000000000000000 ,40.000000000000000 ,25.097418525002219 ,25.282729530334471
"sp0031_sess1_rest1" ,60.000000000000000 ,40.000000000000000 ,16.042150877942941 ,15.908513021469116
"sp0032_sess1_rest1" ,60.000000000000000 ,40.000000000000000 ,8.372098296579688 ,8.147468912601472
"sp0033_sess1_rest1" ,60.000000000000000 ,40.000000000000000 ,15.843258308641838 ,15.916916823387146
"sp0035_sess1_rest1" ,60.000000000000000 ,40.000000000000000 ,14.204384456981312 ,13.718064451217652
"sp0039_sess1_rest1" ,60.000000000000000 ,40.000000000000000 ,74.470768668434843 ,73.151304054260251
"sp0040_sess1_rest1" ,60.000000000000000 ,40.000000000000000 ,15.348021324234779 ,14.317538833618164
"sp0041_sess1_rest1" ,60.000000000000000 ,40.000000000000000 ,5.493397375549933 ,5.273135733604431
"sp0048_sess1_rest1" ,60.000000000000000 ,40.000000000000000 ,9.634406446206450 ,9.532889199256896
"sp0053_sess1_rest1" ,60.000000000000000 ,40.000000000000000 ,37.644202068598581 ,38.358048915863037
"sp0054_sess1_rest1" ,60.000000000000000 ,40.000000000000000 ,73.011345449120114 ,72.355626964569097
"sp0057_sess1_rest1" ,60.000000000000000 ,40.000000000000000 ,223.744855244954437 ,207.359088706970226
"sp0058_sess1_rest1" ,60.000000000000000 ,40.000000000000000 ,10.396694645737156 ,10.398133158683777
"sp0060_sess1_rest1" ,60.000000000000000 ,40.000000000000000 ,119.749666541513776 ,127.033284759521479
"sp0061_sess1_rest1" ,60.000000000000000 ,40.000000000000000 ,12.645607081326572 ,12.681058192253113
"sp0067_sess1_rest1" ,60.000000000000000 ,40.000000000000000 ,18.665580990338565 ,20.482313156127930
"sp0068_sess1_rest1" ,60.000000000000000 ,40.000000000000000 ,11.993678786537863 ,13.505944752693177
"sp0071_sess1_rest1" ,60.000000000000000 ,40.000000000000000 ,25.974427907153814 ,25.437121343612670
"sp0072_sess1_rest1" ,60.000000000000000 ,40.000000000000000 ,2.502284473843045 ,2.771710669994354
"sp0073_sess1_rest1" ,60.000000000000000 ,40.000000000000000 ,10.052006755212341 ,10.157884073257446
"sp0074_sess1_rest1" ,60.000000000000000 ,40.000000000000000 ,74.683332231309677 ,76.482375335693362
"sp0077_sess1_rest1" ,60.000000000000000 ,40.000000000000000 ,107.782234307491422 ,108.816687774658206
"sp0078_sess1_rest1" ,60.000000000000000 ,40.000000000000000 ,26.432104900629835 ,25.973653554916382
"sp0079_sess1_rest1" ,60.000000000000000 ,40.000000000000000 ,62.064809818460482 ,59.650604629516600
"sp0085_sess1_rest1" ,60.000000000000000 ,40.000000000000000 ,32.264215295965023 ,31.566028594970703
"sp0090_sess1_rest1" ,60.000000000000000 ,40.000000000000000 ,69.447566754890204 ,67.438099384307861
"sp0091_sess1_rest1" ,60.000000000000000 ,40.000000000000000 ,41.723647917159880 ,42.228278923034665
"sp0094_sess1_rest1" ,21.000000000000000 ,135.000000000000000 ,0.185626449459983 ,0.164350172254577
"sp0095_sess1_rest1" ,12.000000000000000 ,144.000000000000000 ,0.261014907254327 ,0.251889544871304
"sp0096_sess1_rest1" ,19.000000000000000 ,137.000000000000000 ,0.200173732962820 ,0.168463651022381
"sp0098_sess1_rest1" ,32.000000000000000 ,124.000000000000000 ,0.182699085459594 ,0.152963932543024
"sp0099_sess1_rest1" ,0.000000000000000 ,156.000000000000000 ,0.119169194780050 ,0.119169194780050
"sp0100_sess1_rest1" ,9.000000000000000 ,147.000000000000000 ,0.195777358138754 ,0.181167421658358
"sp0102_sess1_rest1" ,41.000000000000000 ,59.000000000000000 ,34.038752499512086 ,0.035209923984493
"sp0103_sess1_rest1" ,60.000000000000000 ,40.000000000000000 ,75.011024937485203 ,75.789049911499021
"sp0106_sess1_rest1" ,60.000000000000000 ,40.000000000000000 ,32.355121997871784 ,29.937803792953492
"sp0107_sess1_rest1" ,60.000000000000000 ,40.000000000000000 ,45.960810467864228 ,33.524972222279757
"sp0108_sess1_rest1" ,60.000000000000000 ,40.000000000000000 ,139.293072743849308 ,132.195222282409674
"sp0111_sess1_rest1" ,60.000000000000000 ,40.000000000000000 ,53.214161728367664 ,52.529363059997557
"sp0118_sess1_rest1" ,60.000000000000000 ,40.000000000000000 ,195.961463465835095 ,210.385667228698736
"sp0123_sess1_rest1" ,54.000000000000000 ,46.000000000000000 ,42.070087227889459 ,0.023201547142415
"sp0124_sess1_rest1" ,60.000000000000000 ,40.000000000000000 ,177.542524010244051 ,188.194715118408197
"sp0125_sess1_rest1" ,60.000000000000000 ,40.000000000000000 ,95.699739321313729 ,98.758143806457525
"sp0128_sess1_rest1" ,60.000000000000000 ,40.000000000000000 ,59.660866669934208 ,61.577044391632079
"sp0137_sess1_rest1" ,60.000000000000000 ,40.000000000000000 ,35.288552370938390 ,35.793467426300047
"sp0138_sess1_rest1" ,60.000000000000000 ,40.000000000000000 ,47.866391942958636 ,48.776204872131345
"sp0139_sess1_rest1" ,4.000000000000000 ,152.000000000000000 ,0.177644622794563 ,0.174051872436081
"sp0142_sess1_rest1" ,29.000000000000000 ,127.000000000000000 ,0.247036101020152 ,0.225862585599460
"sp0145_sess1_rest1" ,22.000000000000000 ,134.000000000000000 ,0.254382860924928 ,0.165201504144873
"sp0147_sess1_rest1" ,83.000000000000000 ,73.000000000000000 ,0.388476291106593 ,0.261931795371722
"sp0149_sess1_rest1" ,60.000000000000000 ,40.000000000000000 ,27.860525015628699 ,27.935941028594971
"sp0150_sess1_rest1" ,19.000000000000000 ,137.000000000000000 ,0.120945309204680 ,0.096451632356655
"sp0151_sess1_rest1" ,0.000000000000000 ,156.000000000000000 ,0.140323535617321 ,0.140323535617321
"sp0155_sess1_rest1" ,60.000000000000000 ,40.000000000000000 ,101.678553186281761 ,109.825657081604007
"sp0156_sess1_rest1" ,60.000000000000000 ,40.000000000000000 ,23.716512988312076 ,24.847521400451662
"sp0157_sess1_rest1" ,60.000000000000000 ,40.000000000000000 ,45.946230377813784 ,46.666888141632079
"sp0158_sess1_rest1" ,60.000000000000000 ,40.000000000000000 ,55.147403061991987 ,56.875392055511476
"sp0159_sess1_rest1" ,60.000000000000000 ,40.000000000000000 ,41.210969847862167 ,42.943626308441161
"sp0161_sess1_rest1" ,38.000000000000000 ,118.000000000000000 ,0.231468539108192 ,0.198179579797690
"sp0162_sess1_rest1" ,61.000000000000000 ,95.000000000000000 ,0.398711642695050 ,0.228056441477322
"sp0163_sess1_rest1" ,12.000000000000000 ,144.000000000000000 ,0.176257055180688 ,0.155736230001166
"sp0164_sess1_rest1" ,20.000000000000000 ,136.000000000000000 ,0.186337758829787 ,0.165369431661545
"sp0165_sess1_rest1" ,22.000000000000000 ,134.000000000000000 ,0.239019770968345 ,0.204852421200813
"sp0166_sess1_rest1" ,4.000000000000000 ,152.000000000000000 ,0.167997984275703 ,0.162606177962576
"sp0167_sess1_rest1" ,0.000000000000000 ,156.000000000000000 ,0.174085127033534 ,0.174085127033534
"sp0170_sess1_rest1" ,27.000000000000000 ,129.000000000000000 ,0.200209133399110 ,0.155439981521340
"sp0171_sess1_rest1" ,82.000000000000000 ,74.000000000000000 ,0.524280313943182 ,0.183949643439830
"sp0172_sess1_rest1" ,0.000000000000000 ,156.000000000000000 ,0.087432844852728 ,0.087432844852728
"sp0173_sess1_rest1" ,60.000000000000000 ,40.000000000000000 ,80.020602216624255 ,81.554192256927493
"sp0174_sess1_rest1" ,52.000000000000000 ,48.000000000000000 ,70.062023919232146 ,0.016371300735689
"sp0175_sess1_rest1" ,60.000000000000000 ,40.000000000000000 ,193.722688290371622 ,184.836490394585326
"sp0177_sess1_rest1" ,60.000000000000000 ,40.000000000000000 ,31.938507869990186 ,31.934420394897462
"sp0178_sess1_rest1" ,60.000000000000000 ,40.000000000000000 ,51.326917128129438 ,53.484150028228761
"sp0179_sess1_rest1" ,60.000000000000000 ,40.000000000000000 ,51.733288081005369 ,51.956062412261964
"sp0181_sess1_rest1" ,60.000000000000000 ,40.000000000000000 ,32.926188285904701 ,34.414474773406980
"sp0182_sess1_rest1" ,60.000000000000000 ,40.000000000000000 ,24.105354829268023 ,25.026894664764406
"sp0183_sess1_rest1" ,60.000000000000000 ,40.000000000000000 ,157.743612085158617 ,190.135033078072581
"sp0195_sess1_rest1" ,87.000000000000000 ,69.000000000000000 ,0.762005959451199 ,0.224983853452346
"sp0196_sess1_rest1" ,10.000000000000000 ,146.000000000000000 ,0.150614939269520 ,0.139763196711910
"sp0197_sess1_rest1" ,53.000000000000000 ,103.000000000000000 ,0.267111030108324 ,0.162367099320843
"sp0198_sess1_rest1" ,113.000000000000000 ,43.000000000000000 ,1.454338288403326 ,0.651123823901249
"sp0203_sess1_rest1" ,0.000000000000000 ,156.000000000000000 ,0.121574660823230 ,0.121574660823230
"sp0204_sess1_rest1" ,60.000000000000000 ,40.000000000000000 ,43.139193640814888 ,42.004621553421018
"sp0206_sess1_rest1" ,60.000000000000000 ,40.000000000000000 ,62.027333731603143 ,62.355381679534915
"sp0207_sess1_rest1" ,60.000000000000000 ,40.000000000000000 ,16.314239376723165 ,16.139602136611938
"sp0209_sess1_rest1" ,60.000000000000000 ,40.000000000000000 ,20.983576630101059 ,21.662748193740846
"sp0210_sess1_rest1" ,60.000000000000000 ,40.000000000000000 ,40.935460832383896 ,41.641541957855225
"sp0211_sess1_rest1" ,60.000000000000000 ,40.000000000000000 ,53.826767121902620 ,55.342223739624025
"sp0238_sess1_rest1" ,61.000000000000000 ,95.000000000000000 ,0.320366458666901 ,0.148175727340736
"sp0241_sess1_rest1" ,60.000000000000000 ,40.000000000000000 ,116.764472190779870 ,115.311396980285650
"sp0242_sess1_rest1" ,5.000000000000000 ,151.000000000000000 ,0.130446153206210 ,0.125530307541291
"sp0246_sess1_rest1" ,32.000000000000000 ,124.000000000000000 ,0.197479915571578 ,0.157122176531101
"sp0251_sess1_rest1" ,116.000000000000000 ,40.000000000000000 ,1.408073984170633 ,0.361022332635445
"sp0255_sess1_rest1" ,36.000000000000000 ,120.000000000000000 ,0.258733610688679 ,0.228183872966456
"sp0269_sess1_rest1" ,60.000000000000000 ,40.000000000000000 ,21.513037652680367 ,21.328583717346191
"sp0270_sess1_rest1" ,60.000000000000000 ,40.000000000000000 ,24.024022092722884 ,23.995749902725219
"sp0271_sess1_rest1" ,60.000000000000000 ,40.000000000000000 ,37.604305305866284 ,37.237765693664549
"sp0275_sess1_rest1" ,60.000000000000000 ,40.000000000000000 ,71.688714422360817 ,71.214532470703119
"sp0276_sess1_rest1" ,60.000000000000000 ,40.000000000000000 ,67.111760958276619 ,67.124203300476069
"sp0281_sess1_rest1" ,0.000000000000000 ,156.000000000000000 ,0.110544264244456 ,0.110544264244456
"sp0282_sess1_rest1" ,98.000000000000000 ,58.000000000000000 ,0.392474647563311 ,0.208473570066793
"sp0283_sess1_rest1" ,0.000000000000000 ,156.000000000000000 ,0.187915482251875 ,0.187915482251875
"sp0284_sess1_rest1" ,112.000000000000000 ,44.000000000000000 ,0.409186166512870 ,0.201966470713879
"sp0285_sess1_rest1" ,14.000000000000000 ,142.000000000000000 ,0.194731665318531 ,0.171815406294986
"sp0286_sess1_rest1" ,39.000000000000000 ,117.000000000000000 ,0.222598201613272 ,0.158531328823803
"sp0287_sess1_rest1" ,60.000000000000000 ,40.000000000000000 ,69.505628951872239 ,70.713536643981939
"sp0288_sess1_rest1" ,115.000000000000000 ,41.000000000000000 ,0.544643741173129 ,0.388680069148540
"sp0293_sess1_rest1" ,71.000000000000000 ,85.000000000000000 ,0.510775394365191 ,0.128900637961037
"sp0297_sess1_rest1" ,60.000000000000000 ,40.000000000000000 ,109.389996923581521 ,111.442428016662603
"sp0298_sess1_rest1" ,60.000000000000000 ,40.000000000000000 ,26.812476341170495 ,27.111418533325196
"sp0299_sess1_rest1" ,60.000000000000000 ,40.000000000000000 ,31.452482924247857 ,1.353050512821392
"sp0302_sess1_rest1" ,60.000000000000000 ,40.000000000000000 ,124.579733492148037 ,143.453134822845470
"sp0310_sess1_rest1" ,12.000000000000000 ,288.000000000000000 ,0.138118878212511 ,0.126827070839989
"sp0315_sess1_rest1" ,60.000000000000000 ,40.000000000000000 ,86.834228284431219 ,91.038821792602533
"sp0316_sess1_rest1" ,60.000000000000000 ,40.000000000000000 ,70.667946748059208 ,71.585712623596194
"sp0321_sess1_rest1" ,0.000000000000000 ,300.000000000000000 ,0.071803877566222 ,0.071803877566222
"sp0329_sess1_rest1" ,60.000000000000000 ,40.000000000000000 ,32.409075553971107 ,30.749257659912111
"sp0335_sess1_rest1" ,60.000000000000000 ,40.000000000000000 ,29.140549746426668 ,28.854008197784424
"sp0341_sess1_rest1" ,60.000000000000000 ,40.000000000000000 ,74.263874073221231 ,83.538708209991455
"sp0343_sess1_rest1" ,60.000000000000000 ,40.000000000000000 ,96.831541774248834 ,92.281090259552002
"sp0360_sess1_rest1" ,107.000000000000000 ,49.000000000000000 ,2.194895573131620 ,0.176202904433012
"sp0364_sess1_rest1" ,60.000000000000000 ,40.000000000000000 ,24.315916697184246 ,24.073657226562499
"sp0365_sess1_rest1" ,60.000000000000000 ,40.000000000000000 ,45.528077655368378 ,41.833680295944212
"sp0366_sess1_rest1" ,60.000000000000000 ,40.000000000000000 ,22.873268435699771 ,23.333009147644042
"sp0368_sess1_rest1" ,21.000000000000000 ,135.000000000000000 ,0.229838124374228 ,0.192098010331392
"sp0372_sess1_rest1" ,15.000000000000000 ,141.000000000000000 ,0.180759065958761 ,0.143168014394386
"sp0373_sess1_rest1" ,35.000000000000000 ,121.000000000000000 ,0.265413365200643 ,0.174920727374653
"sp0383_sess1_rest1" ,60.000000000000000 ,40.000000000000000 ,21.075224173189415 ,21.652089786529540
"sp0392_sess1_rest1" ,10.000000000000000 ,290.000000000000000 ,0.112246096532879 ,0.106753803351346
"sp0393_sess1_rest1" ,0.000000000000000 ,300.000000000000000 ,0.084546963924100 ,0.084546963924100
"sp0394_sess1_rest1" ,22.000000000000000 ,134.000000000000000 ,0.239074270504258 ,0.189225613936588
"sp0395_sess1_rest1" ,60.000000000000000 ,40.000000000000000 ,91.290109306874896 ,106.191505622863772
"sp0406_sess1_rest1" ,96.000000000000000 ,60.000000000000000 ,0.484320497873329 ,0.248120477833485
"sp0409_sess1_rest1" ,0.000000000000000 ,300.000000000000000 ,0.093367797711920 ,0.093367797711920
"sp0410_sess1_rest1" ,0.000000000000000 ,300.000000000000000 ,0.079780976587041 ,0.079780976587041
"sp0411_sess1_rest1" ,60.000000000000000 ,40.000000000000000 ,24.537944369845921 ,25.257201051712038
"sp0412_sess1_rest1" ,60.000000000000000 ,40.000000000000000 ,64.719996558295350 ,64.575088024139404
"sp0416_sess1_rest1" ,60.000000000000000 ,40.000000000000000 ,11.188453385324189 ,11.465130352973938
"sp0427_sess1_rest1" ,60.000000000000000 ,40.000000000000000 ,59.362686041629672 ,55.791888427734378
"sp0428_sess1_rest1" ,60.000000000000000 ,40.000000000000000 ,29.444227430555557 ,29.887391757965087
"sp0431_sess1_rest1" ,60.000000000000000 ,40.000000000000000 ,13.319500133244679 ,14.085228204727173
"sp0432_sess1_rest1" ,60.000000000000000 ,40.000000000000000 ,19.793074232159238 ,19.941389274597167
"sp0433_sess1_rest1" ,60.000000000000000 ,40.000000000000000 ,16.094836726333156 ,16.320367765426635
"sp0434_sess1_rest1" ,116.000000000000000 ,40.000000000000000 ,1.731857131085088 ,1.100671976613693
"sp0437_sess1_rest1" ,48.000000000000000 ,252.000000000000000 ,0.188420252930560 ,0.144590192637037
"sp0437_sess1_rest2" ,60.000000000000000 ,240.000000000000000 ,0.293967167532265 ,0.160975569383744
"sp0438_sess1_rest1" ,60.000000000000000 ,40.000000000000000 ,24.419658622356376 ,24.220592689514159
"sp0449_sess1_rest1" ,70.000000000000000 ,86.000000000000000 ,0.450657573558631 ,0.193293900787830
"sp0451_sess1_rest1" ,60.000000000000000 ,40.000000000000000 ,36.920568389121932 ,36.667827653884885
"sp0452_sess1_rest1" ,26.000000000000000 ,130.000000000000000 ,0.247531476688962 ,0.218702393913498
"sp0453_sess1_rest1" ,60.000000000000000 ,40.000000000000000 ,123.000701287780146 ,124.504270744323733
"sp0454_sess1_rest1" ,60.000000000000000 ,40.000000000000000 ,10.283372956092911 ,10.262950515747070
"sp0456_sess1_rest1" ,31.000000000000000 ,125.000000000000000 ,0.241619690315377 ,0.206492662519938
"sp0464_sess1_rest1" ,60.000000000000000 ,40.000000000000000 ,18.441683932988330 ,18.218907403945924
"sp0466_sess1_rest1" ,4.000000000000000 ,152.000000000000000 ,0.123357571457182 ,0.116964859715262
"sp0470_sess1_rest1" ,100.000000000000000 ,56.000000000000000 ,0.381280991452044 ,0.208059478754347
"sp0473_sess1_rest1" ,60.000000000000000 ,40.000000000000000 ,19.327325204406122 ,20.168887948989870
"sp0474_sess1_rest1" ,223.000000000000000 ,77.000000000000000 ,0.608183872540260 ,0.203743663763529
"sp0479_sess1_rest1" ,60.000000000000000 ,40.000000000000000 ,59.030708852440419 ,59.181615161895749
"sp0481_sess1_rest1" ,0.000000000000000 ,300.000000000000000 ,0.136663344131166 ,0.136663344131166
"sp0482_sess1_rest1" ,0.000000000000000 ,300.000000000000000 ,0.100518893058035 ,0.100518893058035
"sp0485_sess1_rest1" ,60.000000000000000 ,40.000000000000000 ,23.273350763802576 ,23.471194648742674
"sp0486_sess1_rest1" ,0.000000000000000 ,156.000000000000000 ,0.141383582617967 ,0.141383582617967
"sp0504_sess1_rest1" ,116.000000000000000 ,40.000000000000000 ,0.784715798304927 ,0.521270940701167
"sp0511_sess1_rest1" ,60.000000000000000 ,40.000000000000000 ,62.348377458976977 ,63.374180698394774
"sp0513_sess1_rest1" ,27.000000000000000 ,273.000000000000000 ,0.176681881568809 ,0.157139526451561
"sp0514_sess1_rest1" ,60.000000000000000 ,40.000000000000000 ,46.896759534122971 ,44.291605138778685
"sp0519_sess1_rest1" ,60.000000000000000 ,40.000000000000000 ,14.186119879134978 ,14.325100111961365
"sp0521_sess1_rest1" ,60.000000000000000 ,40.000000000000000 ,10.790392735991816 ,11.044285702705384
"sp0526_sess1_rest1" ,16.000000000000000 ,284.000000000000000 ,0.200573332956603 ,0.191144225954378
"sp0527_sess1_rest1" ,60.000000000000000 ,40.000000000000000 ,15.876872004884662 ,15.874816942214967
"sp0530_sess1_rest1" ,102.000000000000000 ,54.000000000000000 ,0.399440458969724 ,0.208489697004827
"sp0531_sess1_rest1" ,115.000000000000000 ,41.000000000000000 ,0.615756308999393 ,0.222026443853974
"sp0532_sess1_rest1" ,12.000000000000000 ,144.000000000000000 ,0.214732242447715 ,0.197898530142589
"sp0533_sess1_rest1" ,0.000000000000000 ,300.000000000000000 ,0.107534556434705 ,0.107534556434705
"sp0536_sess1_rest1" ,74.000000000000000 ,82.000000000000000 ,0.412989671047657 ,0.281970802603698
"sp0539_sess1_rest1" ,0.000000000000000 ,300.000000000000000 ,0.096799940132477 ,0.096799940132477
"sp0543_sess1_rest1" ,0.000000000000000 ,300.000000000000000 ,0.105117521644336 ,0.105117521644336
"sp0548_sess1_rest1" ,5.000000000000000 ,295.000000000000000 ,0.102079643135934 ,0.098487161055562
"sp0555_sess1_rest1" ,65.000000000000000 ,91.000000000000000 ,0.376674354316727 ,0.179413327078025
"sp0556_sess1_rest1" ,4.000000000000000 ,152.000000000000000 ,0.183009394065988 ,0.179421138117053
"sp0557_sess1_rest1" ,49.000000000000000 ,107.000000000000000 ,0.581617962713203 ,0.167870786146454
"sp0560_sess1_rest1" ,31.000000000000000 ,125.000000000000000 ,0.208599673211575 ,0.184936436073434
"sp0561_sess1_rest1" ,10.000000000000000 ,290.000000000000000 ,0.187786899220485 ,0.181980268004959
"sp0562_sess1_rest1" ,60.000000000000000 ,40.000000000000000 ,16.732133171775125 ,17.965938210487366
"sp0566_sess1_rest1" ,60.000000000000000 ,40.000000000000000 ,19.341514597035417 ,18.994568252563475
"sp0566_sess1_rest2" ,60.000000000000000 ,40.000000000000000 ,10.656248410542807 ,10.945091629028321
"sp0572_sess1_rest1" ,60.000000000000000 ,40.000000000000000 ,12.339448784336899 ,12.539886331558227
"sp0573_sess1_rest1" ,60.000000000000000 ,40.000000000000000 ,12.449122274764861 ,12.618360495567321
"sp0574_sess1_rest1" ,60.000000000000000 ,40.000000000000000 ,17.527581157106340 ,17.812834262847900
"sp0576_sess1_rest1" ,106.000000000000000 ,50.000000000000000 ,0.402789910089585 ,0.166890333443880
"sp0577_sess1_rest1" ,26.000000000000000 ,130.000000000000000 ,0.226367699318836 ,0.157797279847107
"sp0580_sess1_rest1" ,0.000000000000000 ,300.000000000000000 ,0.108063063556235 ,0.108063063556235
"sp0584_sess1_rest1" ,40.000000000000000 ,116.000000000000000 ,0.274085716831107 ,0.184985560826633
"sp0585_sess1_rest1" ,66.000000000000000 ,90.000000000000000 ,0.383268686720440 ,0.174813750043009
"sp0586_sess1_rest1" ,13.000000000000000 ,143.000000000000000 ,0.229458083272230 ,0.218018484590192
"sp0587_sess1_rest1" ,60.000000000000000 ,40.000000000000000 ,24.772369866419321 ,25.793441009521484
"sp0588_sess1_rest1" ,21.000000000000000 ,135.000000000000000 ,0.300964204702647 ,0.289215478962704
"sp0593_sess1_rest1" ,60.000000000000000 ,40.000000000000000 ,48.991872845274031 ,49.476163005828859
"sp0597_sess1_rest1" ,0.000000000000000 ,300.000000000000000 ,0.099706929575739 ,0.099706929575739
"sp0598_sess1_rest1" ,26.000000000000000 ,274.000000000000000 ,0.189991202205420 ,0.174774994793938
"sp0599_sess1_rest1" ,55.000000000000000 ,245.000000000000000 ,0.236132306436133 ,0.184723705618230
"sp0600_sess1_rest1" ,5.000000000000000 ,295.000000000000000 ,0.215950370009328 ,0.212713197456533
"sp0601_sess1_rest1" ,111.000000000000000 ,189.000000000000000 ,0.328265394741377 ,0.171064268857082
"sp0604_sess1_rest1" ,60.000000000000000 ,40.000000000000000 ,4.853206946392252 ,4.557134395837783
"sp0607_sess1_rest1" ,69.000000000000000 ,231.000000000000000 ,0.223050046220023 ,0.147285072173437
"sp0619_sess1_rest1" ,52.000000000000000 ,104.000000000000000 ,0.243485110012754 ,0.178297566665897
"sp0620_sess1_rest1" ,20.000000000000000 ,136.000000000000000 ,0.226826039004710 ,0.206552720345833
"sp0625_sess1_rest1" ,60.000000000000000 ,40.000000000000000 ,14.082531986814557 ,14.465004706382752
"sp0629_sess1_rest1" ,60.000000000000000 ,40.000000000000000 ,12.042959116926097 ,12.867284369468688
"sp0630_sess1_rest1" ,17.000000000000000 ,139.000000000000000 ,0.188823521738091 ,0.172482806730314
"sp0631_sess1_rest1" ,17.000000000000000 ,139.000000000000000 ,0.199773253188018 ,0.185225044390646
"sp0632_sess1_rest1" ,22.000000000000000 ,134.000000000000000 ,0.211911376481575 ,0.197601960187680
"sp0640_sess1_rest1" ,111.000000000000000 ,189.000000000000000 ,0.264144846365902 ,0.176443862173944
"sp0644_sess1_rest1" ,44.000000000000000 ,256.000000000000000 ,0.207064849287147 ,0.136070431662979
"sp0645_sess1_rest1" ,5.000000000000000 ,295.000000000000000 ,0.124520614076667 ,0.121755928339652
"sp0650_sess1_rest1" ,46.000000000000000 ,110.000000000000000 ,0.252900179235205 ,0.205600402497370
"sp0657_sess1_rest1" ,60.000000000000000 ,40.000000000000000 ,178.369980898770422 ,191.844595909118652
"sp0658_sess1_rest1" ,29.000000000000000 ,127.000000000000000 ,0.291191263833354 ,0.272065671899962
"sp0662_sess1_rest1" ,13.000000000000000 ,143.000000000000000 ,0.193336887489403 ,0.163996715334729
"sp0664_sess1_rest1" ,0.000000000000000 ,156.000000000000000 ,0.073311327830438 ,0.073311327830438
"sp0675_sess1_rest1" ,60.000000000000000 ,40.000000000000000 ,19.363606077252012 ,19.660078716278075
"sp0676_sess1_rest1" ,59.000000000000000 ,97.000000000000000 ,0.387482087217992 ,0.153636425539541
"sp0678_sess1_rest1" ,41.000000000000000 ,115.000000000000000 ,0.208438676090971 ,0.142518803117829
"sp0679_sess1_rest1" ,70.000000000000000 ,86.000000000000000 ,0.270680980913101 ,0.194738406558023
"sp0681_sess1_rest1" ,51.000000000000000 ,105.000000000000000 ,0.253840948184652 ,0.131106619508221
"sp0682_sess1_rest1" ,0.000000000000000 ,300.000000000000000 ,0.115411395362787 ,0.115411395362787
"sp0692_sess1_rest1" ,18.000000000000000 ,138.000000000000000 ,0.202324676958303 ,0.163805951697439
"sp0696_sess1_rest1" ,0.000000000000000 ,156.000000000000000 ,0.164467130853764 ,0.164467130853764
"sp0697_sess1_rest1" ,32.000000000000000 ,268.000000000000000 ,0.253727833201554 ,0.244721984776776
"sp0699_sess1_rest1" ,11.000000000000000 ,289.000000000000000 ,0.171376814835247 ,0.165784117739855
"sp0701_sess1_rest1" ,26.000000000000000 ,274.000000000000000 ,0.189991202205420 ,0.174774994793938
"sp0701_sess1_rest2" ,0.000000000000000 ,300.000000000000000 ,0.105321753545848 ,0.105321753545848
"sp0709_sess1_rest1" ,60.000000000000000 ,40.000000000000000 ,10.530047744211524 ,10.685008764266968
"sp0713_sess1_rest1" ,21.000000000000000 ,279.000000000000000 ,0.167012693877503 ,0.145362573870116
"sp0714_sess1_rest1" ,8.000000000000000 ,148.000000000000000 ,0.160637509221992 ,0.147554593705604
"sp0715_sess1_rest1" ,0.000000000000000 ,156.000000000000000 ,0.086592564329265 ,0.086592564329265
"sp0735_sess1_rest1" ,22.000000000000000 ,134.000000000000000 ,0.227771373790118 ,0.164985284125222
"sp0747_sess1_rest1" ,96.000000000000000 ,204.000000000000000 ,0.342863656107000 ,0.173487727920263
"sp0748_sess1_rest1" ,37.000000000000000 ,263.000000000000000 ,0.197327049635974 ,0.137114128417812
"sp0758_sess1_rest1" ,11.000000000000000 ,289.000000000000000 ,0.117159578886917 ,0.110860244914268
"sp0761_sess1_rest1" ,108.000000000000000 ,48.000000000000000 ,0.588942378398872 ,0.205228309285768
"sp0762_sess1_rest1" ,0.000000000000000 ,156.000000000000000 ,0.084349545343749 ,0.084349545343749
"sp0762_sess1_rest2" ,11.000000000000000 ,145.000000000000000 ,0.194519713328731 ,0.154332920029345
"sp0767_sess1_rest1" ,39.000000000000000 ,117.000000000000000 ,0.215356125922934 ,0.133649571317023
"sp0768_sess1_rest1" ,70.000000000000000 ,230.000000000000000 ,0.218862522916750 ,0.165415754728833
"sp0772_sess1_rest1" ,0.000000000000000 ,300.000000000000000 ,0.139088294811447 ,0.139088294811447
"sp0778_sess1_rest1" ,0.000000000000000 ,300.000000000000000 ,0.115866771378994 ,0.115866771378994
"sp0782_sess1_rest1" ,0.000000000000000 ,300.000000000000000 ,0.115320306732304 ,0.115320306732304
"sp0789_sess1_rest1" ,60.000000000000000 ,40.000000000000000 ,27.134580708513358 ,29.104698133468627
"sp0790_sess1_rest1" ,4.000000000000000 ,152.000000000000000 ,0.105547909294405 ,0.099110379025636
"sp0792_sess1_rest1" ,0.000000000000000 ,156.000000000000000 ,0.084349545343749 ,0.084349545343749
"sp0792_sess1_rest2" ,11.000000000000000 ,145.000000000000000 ,0.194519713328731 ,0.154332920029345
"sp0801_sess1_rest1" ,0.000000000000000 ,300.000000000000000 ,0.089126428153154 ,0.089126428153154
"sp0804_sess1_rest1" ,49.000000000000000 ,107.000000000000000 ,0.237586106576266 ,0.165520937797034
"sp0805_sess1_rest1" ,60.000000000000000 ,40.000000000000000 ,10.671138859758473 ,10.193542027473450
"sp0806_sess1_rest1" ,0.000000000000000 ,156.000000000000000 ,0.145923102022179 ,0.145923102022179
"sp0812_sess1_rest1" ,60.000000000000000 ,40.000000000000000 ,103.345631686123937 ,102.069227790832514
"sp0814_sess1_rest1" ,0.000000000000000 ,300.000000000000000 ,0.087119971666747 ,0.087119971666747
"sp0819_sess1_rest1" ,0.000000000000000 ,156.000000000000000 ,0.102852791547775 ,0.102852791547775
"sp0833_sess1_rest1" ,116.000000000000000 ,40.000000000000000 ,0.654231600271117 ,0.569358645938337
"sp0834_sess1_rest1" ,4.000000000000000 ,152.000000000000000 ,0.130772048210905 ,0.123993043547237
"sp0835_sess1_rest1" ,5.000000000000000 ,295.000000000000000 ,0.089978382253029 ,0.086709189640523
"sp0836_sess1_rest1" ,20.000000000000000 ,136.000000000000000 ,0.288281773198997 ,0.142146783059134
"sp0837_sess1_rest1" ,20.000000000000000 ,136.000000000000000 ,0.214530884931164 ,0.176373394026800
"sp0862_sess1_rest1" ,0.000000000000000 ,156.000000000000000 ,0.139497000255412 ,0.139497000255412
"sp0869_sess1_rest1" ,0.000000000000000 ,156.000000000000000 ,0.099322724792986 ,0.099322724792986
"sp0871_sess1_rest1" ,115.000000000000000 ,41.000000000000000 ,0.894949799247326 ,0.313877866762440
"sp0875_sess1_rest1" ,40.000000000000000 ,260.000000000000000 ,0.167919704042699 ,0.137904795490809
"sp0878_sess1_rest1" ,60.000000000000000 ,40.000000000000000 ,10.207006950571079 ,10.308666539192199
"sp0879_sess1_rest1" ,116.000000000000000 ,40.000000000000000 ,0.497845741145072 ,0.446895824793058
"sp0886_sess1_rest1" ,116.000000000000000 ,40.000000000000000 ,1.223014257367580 ,0.923828362673521
"sp0887_sess1_rest1" ,60.000000000000000 ,40.000000000000000 ,62.055962687790995 ,72.517869186401370
"sp0901_sess1_rest1" ,15.000000000000000 ,141.000000000000000 ,0.199324100380463 ,0.159177684398102
"sp0906_sess1_rest1" ,57.000000000000000 ,99.000000000000000 ,0.263923411636103 ,0.179397607773390
"sp0913_sess1_rest1" ,114.000000000000000 ,42.000000000000000 ,0.919742557358357 ,0.459767503345885
"sp0923_sess1_rest1" ,4.000000000000000 ,152.000000000000000 ,0.134719945117831 ,0.131387429163847
"sp0924_sess1_rest1" ,4.000000000000000 ,152.000000000000000 ,0.126245722174644 ,0.122442396666040
"sp0926_sess1_rest1" ,14.000000000000000 ,142.000000000000000 ,0.190283201851191 ,0.156276226122963
"sp0927_sess1_rest1" ,9.000000000000000 ,147.000000000000000 ,0.145921974196549 ,0.125901628362194
"sp0928_sess1_rest1" ,43.000000000000000 ,113.000000000000000 ,0.269051646224914 ,0.170124396615263
"sp0929_sess1_rest1" ,9.000000000000000 ,147.000000000000000 ,0.114470793270776 ,0.104206741149601
"sp0930_sess1_rest1" ,26.000000000000000 ,130.000000000000000 ,0.215996372795874 ,0.171899426064288
"sp0933_sess1_rest1" ,102.000000000000000 ,54.000000000000000 ,0.616504386125223 ,0.204687070312365
"sp0939_sess1_rest1" ,95.000000000000000 ,61.000000000000000 ,0.396881241050939 ,0.194200616609305
"sp0942_sess1_rest1" ,47.000000000000000 ,109.000000000000000 ,0.254992929557639 ,0.189305228595105
"sp0952_sess1_rest1" ,238.000000000000000 ,62.000000000000000 ,0.946628585390008 ,0.170782119497333
"sp0959_sess1_rest1" ,60.000000000000000 ,40.000000000000000 ,48.108970834751325 ,49.008536243438719
"sp0963_sess1_rest1" ,60.000000000000000 ,40.000000000000000 ,32.661628164426247 ,32.793040561676023
"sp0973_sess1_rest1" ,60.000000000000000 ,40.000000000000000 ,18.925545066294045 ,18.481857109069825
"sp0979_sess1_rest1" ,60.000000000000000 ,40.000000000000000 ,57.641607111150570 ,57.381632614135739
"sp0980_sess1_rest1" ,60.000000000000000 ,40.000000000000000 ,11.998102409671052 ,11.919891071319579
"sp0984_sess1_rest1" ,0.000000000000000 ,156.000000000000000 ,0.130948045585425 ,0.130948045585425
"sp0989_sess1_rest1" ,0.000000000000000 ,300.000000000000000 ,0.154620157835077 ,0.154620157835077
"sp0991_sess1_rest1" ,0.000000000000000 ,156.000000000000000 ,0.102931408740340 ,0.102931408740340
"sp0992_sess1_rest1" ,101.000000000000000 ,55.000000000000000 ,0.507331880662710 ,0.206422608621694
"sp0993_sess1_rest1" ,78.000000000000000 ,78.000000000000000 ,0.594982864443333 ,0.223587968713277
"sp0994_sess1_rest1" ,59.000000000000000 ,97.000000000000000 ,0.387515140240712 ,0.175358729417591
"sp0995_sess1_rest1" ,80.000000000000000 ,76.000000000000000 ,0.413095068835443 ,0.188061055776320
"sp0997_sess1_rest1" ,60.000000000000000 ,40.000000000000000 ,11.997144853225862 ,11.960085940361022
"sp1005_sess1_rest1" ,60.000000000000000 ,40.000000000000000 ,9.850614981217818 ,10.528947317600251
"sp1011_sess1_rest1" ,54.000000000000000 ,102.000000000000000 ,0.272783424440891 ,0.168210610599801
"sp1013_sess1_rest1" ,60.000000000000000 ,40.000000000000000 ,15.665645522300643 ,15.550582385063171
"sp1015_sess1_rest1" ,19.000000000000000 ,137.000000000000000 ,0.216466409809166 ,0.176695414900999
"sp1016_sess1_rest1" ,40.000000000000000 ,116.000000000000000 ,0.285565767665544 ,0.147189081913751
"sp1017_sess1_rest1" ,116.000000000000000 ,40.000000000000000 ,3.684119893418204 ,1.276443433876221
"sp1019_sess1_rest1" ,20.000000000000000 ,136.000000000000000 ,0.143481118688660 ,0.110573266501780
"sp1023_sess1_rest1" ,60.000000000000000 ,40.000000000000000 ,33.345698327729195 ,30.872188234329222
"sp1028_sess1_rest1" ,23.000000000000000 ,133.000000000000000 ,0.170189724961716 ,0.111623473675515
"sp1030_sess1_rest1" ,97.000000000000000 ,203.000000000000000 ,0.342277586097630 ,0.151516144403653
"sp1045_sess1_rest1" ,171.000000000000000 ,129.000000000000000 ,0.574579716903036 ,0.155635515875474
"sp1046_sess1_rest1" ,46.000000000000000 ,254.000000000000000 ,0.189195998118922 ,0.135589824474082
"sp1048_sess1_rest1" ,60.000000000000000 ,40.000000000000000 ,44.438537289397885 ,44.612275981903075
"sp1049_sess1_rest1" ,60.000000000000000 ,40.000000000000000 ,27.443909693245935 ,26.817770671844482
"sp1056_sess1_rest1" ,79.000000000000000 ,77.000000000000000 ,0.544377012466711 ,0.161504045520958
"sp1058_sess1_rest1" ,60.000000000000000 ,40.000000000000000 ,14.575303935041331 ,14.509501695632935
"sp1069_sess1_rest1" ,60.000000000000000 ,40.000000000000000 ,62.573964629510435 ,62.088448143005373
"sp1071_sess1_rest1" ,42.000000000000000 ,258.000000000000000 ,0.358675140258311 ,0.158567467950835
"sp1076_sess1_rest1" ,116.000000000000000 ,40.000000000000000 ,0.878720610781062 ,0.538104179408401
"sp1077_sess1_rest1" ,69.000000000000000 ,87.000000000000000 ,0.375806164044526 ,0.204179249747201
"sp1078_sess1_rest1" ,0.000000000000000 ,300.000000000000000 ,0.079833909816243 ,0.079833909816243
"sp1082_sess1_rest1" ,0.000000000000000 ,300.000000000000000 ,0.087671984108570 ,0.087671984108570
"sp1083_sess1_rest1" ,60.000000000000000 ,40.000000000000000 ,22.100392370512992 ,22.156201028823851
"sp1085_sess1_rest1" ,189.000000000000000 ,111.000000000000000 ,0.568209942448947 ,0.167709883658046
"sp1086_sess1_rest1" ,4.000000000000000 ,152.000000000000000 ,0.128428750605352 ,0.122812187780213
"sp1091_sess1_rest1" ,0.000000000000000 ,156.000000000000000 ,0.092233113758266 ,0.092233113758266
"sp1092_sess1_rest1" ,60.000000000000000 ,40.000000000000000 ,13.177595822498052 ,13.354387450218201
"sp1094_sess1_rest1" ,0.000000000000000 ,300.000000000000000 ,0.156347621634079 ,0.156347621634079
"sp1101_sess1_rest1" ,0.000000000000000 ,156.000000000000000 ,0.104491146413549 ,0.104491146413549
"sp1102_sess1_rest1" ,29.000000000000000 ,127.000000000000000 ,0.240177970716069 ,0.191335630410957
"sp1104_sess1_rest1" ,113.000000000000000 ,43.000000000000000 ,0.549954539609532 ,0.360828968563250
"sp1106_sess1_rest1" ,143.000000000000000 ,157.000000000000000 ,0.401786549209950 ,0.220954136588635
"sp1108_sess1_rest1" ,28.000000000000000 ,272.000000000000000 ,0.136161988426660 ,0.115694684632865
"sp1118_sess1_rest1" ,76.000000000000000 ,80.000000000000000 ,0.761729529187564 ,0.187520289281383
"sp1119_sess1_rest1" ,71.000000000000000 ,85.000000000000000 ,0.341055659132619 ,0.234023995522191
"sp1126_sess1_rest1" ,0.000000000000000 ,300.000000000000000 ,0.240172548711699 ,0.240172548711699
"sp1131_sess1_rest1" ,96.000000000000000 ,60.000000000000000 ,0.480914665574786 ,0.251384109763776
"sp1134_sess1_rest1" ,60.000000000000000 ,40.000000000000000 ,12.203359006631255 ,13.155279350280761
"sp1136_sess1_rest1" ,0.000000000000000 ,300.000000000000000 ,0.132980935101126 ,0.132980935101126
"sp1137_sess1_rest1" ,84.000000000000000 ,72.000000000000000 ,0.835670675986236 ,0.141848573146362
"sp1138_sess1_rest1" ,20.000000000000000 ,280.000000000000000 ,0.162332028916797 ,0.155002024939357
"sp1139_sess1_rest1" ,60.000000000000000 ,40.000000000000000 ,18.734870689083831 ,18.474939465522766
"sp1146_sess1_rest1" ,24.000000000000000 ,276.000000000000000 ,0.148128632513980 ,0.120513686478794
"sp1153_sess1_rest1" ,0.000000000000000 ,300.000000000000000 ,0.184747071883532 ,0.184747071883532
"sp1162_sess1_rest1" ,80.000000000000000 ,76.000000000000000 ,0.343604572610028 ,0.167921594736215
"sp1165_sess1_rest1" ,0.000000000000000 ,300.000000000000000 ,0.112988353080823 ,0.112988353080823
"sp1175_sess1_rest1" ,60.000000000000000 ,96.000000000000000 ,0.325924955284403 ,0.225264131984053
"sp1177_sess1_rest1" ,102.000000000000000 ,198.000000000000000 ,0.494395234308295 ,0.159510092149198
"sp1191_sess1_rest1" ,116.000000000000000 ,40.000000000000000 ,0.460209082535678 ,0.255397088639438
"sp1192_sess1_rest1" ,0.000000000000000 ,156.000000000000000 ,0.170759603429225 ,0.170759603429225
"sp1216_sess1_rest1" ,0.000000000000000 ,300.000000000000000 ,0.104106577269010 ,0.104106577269010
"sp1220_sess1_rest1" ,4.000000000000000 ,152.000000000000000 ,0.250345649882670 ,0.248848575876643
"sp1229_sess1_rest1" ,115.000000000000000 ,41.000000000000000 ,0.767819768779542 ,0.228018295815048
"sp1231_sess1_rest1" ,42.000000000000000 ,258.000000000000000 ,0.143060838760042 ,0.091388940086393
"sp1236_sess1_rest1" ,128.000000000000000 ,172.000000000000000 ,0.388689206383599 ,0.191271919495704
"sp1254_sess1_rest1" ,101.000000000000000 ,55.000000000000000 ,1.163969898199843 ,0.209378962922427
"sp1271_sess1_rest1" ,40.000000000000000 ,116.000000000000000 ,0.236945464813540 ,0.150139613728969
"sp1284_sess1_rest1" ,23.000000000000000 ,133.000000000000000 ,0.207671561548787 ,0.179155291029901
"sp1286_sess1_rest1" ,60.000000000000000 ,40.000000000000000 ,8.732094687644882 ,9.540115427970886
"sp1287_sess1_rest1" ,60.000000000000000 ,40.000000000000000 ,59.429051177670260 ,60.309535026550293
"sp1331_sess1_rest1" ,60.000000000000000 ,40.000000000000000 ,17.726804193824229 ,17.524724555015563
"sp1365_sess1_rest1" ,60.000000000000000 ,40.000000000000000 ,16.614436496387828 ,17.176713562011720
"sp1366_sess1_rest1" ,239.000000000000000 ,61.000000000000000 ,0.999061867781606 ,0.210428363109221
"sp1367_sess1_rest1" ,259.000000000000000 ,41.000000000000000 ,1.883520192438643 ,0.316334649082273
"sp1372_sess1_rest1" ,60.000000000000000 ,40.000000000000000 ,77.279031965467667 ,85.908555316925046
"sp1389_sess1_rest1" ,23.000000000000000 ,277.000000000000000 ,0.194284606687600 ,0.170676616600890
"sp1390_sess1_rest1" ,15.000000000000000 ,285.000000000000000 ,0.140353682373080 ,0.132248262284507
"sp1403_sess1_rest1" ,60.000000000000000 ,40.000000000000000 ,18.943590751802077 ,19.111632299423217
"sp1404_sess1_rest1" ,60.000000000000000 ,40.000000000000000 ,6.128777410044814 ,6.860020327568054
"sp1417_sess1_rest1" ,60.000000000000000 ,40.000000000000000 ,27.076316881661462 ,31.547119140625000
"sp1421_sess1_rest1" ,60.000000000000000 ,40.000000000000000 ,14.118096987406412 ,14.023032808303833
"sp1430_sess1_rest1" ,95.000000000000000 ,61.000000000000000 ,0.602582354170661 ,0.178023320668545
"sp1432_sess1_rest1" ,60.000000000000000 ,40.000000000000000 ,7.514731445697823 ,7.659457492828369
"sp1433_sess1_rest1" ,60.000000000000000 ,40.000000000000000 ,46.077426428746698 ,44.995943212509154
"sp1437_sess1_rest1" ,109.000000000000000 ,191.000000000000000 ,0.402127451484518 ,0.191492892664514
"sp1439_sess1_rest1" ,60.000000000000000 ,40.000000000000000 ,16.847741810962408 ,16.993473625183107
"sp1451_sess1_rest1" ,61.000000000000000 ,95.000000000000000 ,0.320802643114040 ,0.135271905029291
"sp1453_sess1_rest1" ,0.000000000000000 ,156.000000000000000 ,0.145092641129609 ,0.145092641129609
"sp1458_sess1_rest1" ,48.000000000000000 ,108.000000000000000 ,0.379333825986232 ,0.159982335553548
"sp1462_sess1_rest1" ,60.000000000000000 ,40.000000000000000 ,36.691794597741328 ,37.019553470611569
"sp1463_sess1_rest1" ,0.000000000000000 ,300.000000000000000 ,0.090153581328864 ,0.090153581328864
"sp1477_sess1_rest1" ,144.000000000000000 ,156.000000000000000 ,0.619047603249101 ,0.160841109687763
"sp1480_sess1_rest1" ,60.000000000000000 ,40.000000000000000 ,8.978942399073128 ,8.171144437789916
"sp1481_sess1_rest1" ,60.000000000000000 ,40.000000000000000 ,36.029674607093888 ,35.914983415603636
"sp1504_sess1_rest1" ,54.000000000000000 ,246.000000000000000 ,0.380005582083129 ,0.204593943165881
"sp1525_sess1_rest1" ,50.000000000000000 ,106.000000000000000 ,0.343091576041714 ,0.183478542097977
"sp1545_sess1_rest1" ,13.000000000000000 ,143.000000000000000 ,0.202394370013668 ,0.189832934821156
"sp1546_sess1_rest1" ,41.000000000000000 ,115.000000000000000 ,0.244368215746457 ,0.161315906433421
"sp1579_sess1_rest1" ,60.000000000000000 ,40.000000000000000 ,9.581176671114834 ,9.598725152015685
"sp1611_sess1_rest1" ,199.000000000000000 ,101.000000000000000 ,1.034008000245361 ,0.157788579352200
"sp1612_sess1_rest1" ,139.000000000000000 ,161.000000000000000 ,0.391167126857671 ,0.211178514065209
"sp1619_sess1_rest1" ,0.000000000000000 ,156.000000000000000 ,0.083436753072085 ,0.083436753072085
"sp1630_sess1_rest1" ,60.000000000000000 ,40.000000000000000 ,28.364761236942176 ,27.630832052230836
"sp1634_sess1_rest1" ,60.000000000000000 ,40.000000000000000 ,15.141372921490911 ,16.879407501220705
"sp1635_sess1_rest1" ,60.000000000000000 ,40.000000000000000 ,47.408721365109841 ,49.331083631515504
"sp1636_sess1_rest1" ,60.000000000000000 ,40.000000000000000 ,8.066287199656168 ,8.025341820716857
"sp1639_sess1_rest1" ,116.000000000000000 ,40.000000000000000 ,0.556028072295650 ,0.336802523965255
"sp1669_sess1_rest1" ,116.000000000000000 ,40.000000000000000 ,1.165687436778699 ,1.257129964920191
"sp1670_sess1_rest1" ,75.000000000000000 ,81.000000000000000 ,0.508416435939650 ,0.238823727238923
"sp1672_sess1_rest1" ,116.000000000000000 ,40.000000000000000 ,1.692209756314274 ,2.203673892794177
"sp1672_sess1_rest2" ,67.000000000000000 ,89.000000000000000 ,0.369608278521487 ,0.214861770747864
"sp1680_sess1_rest1" ,60.000000000000000 ,40.000000000000000 ,6.475905235367592 ,6.664188408851624
"sp1685_sess1_rest1" ,10.000000000000000 ,146.000000000000000 ,0.152151474603001 ,0.126846681695817
"sp1688_sess1_rest1" ,79.000000000000000 ,77.000000000000000 ,0.544737935576948 ,0.154860046116243
"sp1693_sess1_rest1" ,28.000000000000000 ,128.000000000000000 ,0.223176394427015 ,0.121359447471973
"sp1695_sess1_rest1" ,6.000000000000000 ,294.000000000000000 ,0.205298311771657 ,0.201846800744534
"sp1720_sess1_rest1" ,16.000000000000000 ,284.000000000000000 ,0.229574400246343 ,0.221834764516396
"sp1737_sess1_rest1" ,69.000000000000000 ,87.000000000000000 ,0.434498519917965 ,0.279989272982104
"sp1747_sess1_rest1" ,60.000000000000000 ,40.000000000000000 ,12.134427224746858 ,11.891223144531249
"sp1749_sess1_rest1" ,60.000000000000000 ,40.000000000000000 ,32.608898914221562 ,31.531490325927734
"sp1751_sess1_rest1" ,60.000000000000000 ,40.000000000000000 ,8.138940040511315 ,8.073046135902405
"sp1752_sess1_rest1" ,60.000000000000000 ,40.000000000000000 ,54.747119518241497 ,54.016833019256595
"sp1758_sess1_rest1" ,60.000000000000000 ,40.000000000000000 ,18.897101161455868 ,19.861400246620178
